<?xml version="1.0" encoding="UTF-8"?>
<project-private xmlns="http://www.netbeans.org/ns/project-private/1">
    <editor-bookmarks xmlns="http://www.netbeans.org/ns/editor-bookmarks/2" lastBookmarkId="0"/>
    <open-files xmlns="http://www.netbeans.org/ns/projectui-open-files/2">
        <group>
            <file>file:/C:/Users/mamat/OneDrive/Área%20de%20Trabalho/faculdade/Programação%20Orientada%20à%20Objetos/ex/tarefa2/src/tarefa2/UVA.java</file>
            <file>file:/C:/Users/mamat/OneDrive/Área%20de%20Trabalho/faculdade/Programação%20Orientada%20à%20Objetos/ex/tarefa2/src/tarefa2/Tarefa2.java</file>
            <file>file:/C:/Users/mamat/OneDrive/Área%20de%20Trabalho/faculdade/Programação%20Orientada%20à%20Objetos/ex/tarefa2/src/tarefa2/Impressora.java</file>
            <file>file:/C:/Users/mamat/OneDrive/Área%20de%20Trabalho/faculdade/Programação%20Orientada%20à%20Objetos/ex/tarefa2/src/tarefa2/UECE.java</file>
        </group>
    </open-files>
</project-private>
